PurchaseOrderNumber,DateTime
PO19372114749,3/14/20 22:04
PO7946145876,5/29/20 2:46
PO8468183315,11/13/21 17:34
PO4582142611,3/12/21 19:29
PO3770176273,4/20/20 4:26
PO6119130779,10/26/20 19:14
PO2349143275,3/30/20 2:26
PO13050111529,6/15/20 13:05
PO16153112278,2/20/20 8:56
PO17052159664,4/11/21 10:47
PO19285135919,11/21/21 14:04
PO8961158629,10/21/20 5:07
PO174173096,12/14/19 12:12
PO16501134889,7/14/21 5:02
PO348186287,10/24/20 13:34
PO4785152479,10/31/21 19:36
PO10353140756,2/11/21 7:14
PO5539125166,10/18/21 10:41
PO5713190501,9/7/21 18:24
PO2697119362,11/17/21 8:18
PO19343113609,10/4/20 22:31
PO16124166561,10/5/21 7:34
PO4002189853,8/10/21 18:43
PO10295111084,4/9/21 16:55
PO29111718,5/1/20 0:02
PO12992180445,8/7/20 18:03
PO16530177647,5/8/21 20:53
PO8671170385,7/8/21 19:18
PO19952192051,11/8/21 15:32
PO13021155785,3/7/21 3:43
PO2378131604,2/19/21 6:28
PO19604173239,1/1/21 2:00
